,winogrande_acc,truthfulqa_mc2_acc,hellaswag_acc_norm,gsm8k_exact_match_flexible,arc_challenge_acc_norm,mmlu_acc,toxigen_acc_norm
4,0.5808997632202052,0.40933031732666025,0.520812587134037,0.016679302501895376,0.26621160409556316,0.2497507477567298,0.4308510638297872
8,0.5785319652722968,0.43045993918214115,0.48755228042222665,0.018953752843062926,0.25597269624573377,0.252955419455918,0.4308510638297872
12,0.5548539857932123,0.45964570126822457,0.3917546305516829,0.01819560272934041,0.2508532423208191,0.2555191568152685,0.4319148936170213
16,0.5595895816890292,0.4752143481983391,0.30631348336984665,0.01592115238817286,0.2645051194539249,0.2501780373166216,0.44042553191489364
20,0.5548539857932123,0.5343561148539968,0.29924317864967137,0.001516300227445034,0.2738907849829352,0.24312775957840763,0.43617021276595747
