model_name,flagged/all
idx_4,0.2571428571428571
idx_8,0.2571428571428571
idx_12,0.24142857142857144
idx_16,0.21571428571428572
idx_20,0.22714285714285715
