,winogrande_acc,truthfulqa_mc2_acc,hellaswag_acc_norm,gsm8k_exact_match_flexible,arc_challenge_acc_norm,mmlu_acc,toxigen_acc_norm
0,0.5951065509076559,0.3867057241318654,0.5370444134634534,0.01592115238817286,0.295221843003413,0.2491810283435408,0.4308510638297872
4,0.5943172849250198,0.38932431482669344,0.5336586337382991,0.017437452615617893,0.28498293515358364,0.24761429995727105,0.4308510638297872
8,0.5911602209944752,0.39328117413614727,0.5296753634734117,0.015163002274450341,0.2764505119453925,0.24782794473721692,0.4297872340425532
12,0.5832675611681136,0.3979499642483495,0.5275841465843457,0.01592115238817286,0.2781569965870307,0.24989317761002705,0.4308510638297872
16,0.5840568271507498,0.4027298129969892,0.5228042222664808,0.017437452615617893,0.2764505119453925,0.25010682238997295,0.4308510638297872
20,0.5824782951854776,0.40775154345635223,0.518621788488349,0.01819560272934041,0.2696245733788396,0.252385700042729,0.4308510638297872
