,winogrande_acc,truthfulqa_mc2_acc,hellaswag_acc_norm,gsm8k_exact_match_flexible,arc_challenge_acc_norm,mmlu_acc,toxigen_acc_norm
4,0.5951065509076559,0.3885775244998542,0.536247759410476,0.017437452615617893,0.28754266211604096,0.2502492522432702,0.4319148936170213
8,0.590370955011839,0.39034186925928976,0.5361481776538538,0.016679302501895376,0.27986348122866894,0.25067654180316196,0.4297872340425532
12,0.5895816890292028,0.39152590198350196,0.5374427404899422,0.01288855193328279,0.27303754266211605,0.2505341119498647,0.4297872340425532
16,0.5832675611681136,0.3930077887401892,0.5385381398127863,0.01288855193328279,0.2738907849829352,0.2514599059962968,0.4297872340425532
20,0.5769534333070244,0.3944909285421132,0.5408285202150966,0.01288855193328279,0.2713310580204778,0.252385700042729,0.42872340425531913
