model_name,flagged/all
idx_4,0.20285714285714285
idx_8,0.14714285714285713
idx_12,0.13
idx_16,0.15857142857142856
idx_20,0.07285714285714286
