model_name,flagged/all
idx_0,0.2957142857142857
idx_4,0.2571428571428571
idx_8,0.2542857142857143
idx_12,0.24142857142857144
idx_16,0.22857142857142856
idx_20,0.2257142857142857
