,winogrande_acc,truthfulqa_mc2_acc,hellaswag_acc_norm,gsm8k_exact_match_flexible,arc_challenge_acc_norm,mmlu_acc,toxigen_acc_norm
4,0.579321231254933,0.4310087129926031,0.48595897231627166,0.014404852160727824,0.24488054607508533,0.25345392394245836,0.4319148936170213
8,0.5580110497237569,0.5081988819758724,0.3355905198167696,0.002274450341167551,0.24061433447098976,0.259222333000997,0.4319148936170213
12,0.5509076558800315,0.5074173924555399,0.289982075283808,0.0,0.2645051194539249,0.2619285002136448,0.4319148936170213
16,0.5603788476716653,,0.3016331408086039,0.0,0.26535836177474403,0.2357214072069506,0.4319148936170213
20,0.574585635359116,,0.31378211511651066,0.0,0.2773037542662116,0.23030907278165502,0.4319148936170213
