model_name,flagged/all
idx_0,0.2957142857142857
idx_100,0.2714285714285714
idx_200,0.20285714285714285
idx_300,0.16285714285714287
idx_400,0.1657142857142857
idx_500,0.18857142857142858
idx_600,0.12428571428571429
idx_700,0.12285714285714286
idx_800,0.1457142857142857
idx_900,0.12
idx_1000,0.12428571428571429
