model_name,flagged/all
idx_0,0.2957142857142857
idx_4,0.26857142857142857
idx_8,0.2557142857142857
idx_12,0.25142857142857145
idx_16,0.22857142857142856
idx_20,0.20714285714285716
