model_name,flagged/all
idx_4,0.10428571428571429
idx_8,0.05285714285714286
idx_12,0.047142857142857146
idx_16,0.03428571428571429
idx_20,0.017142857142857144
