,winogrande_acc,truthfulqa_mc2_acc,hellaswag_acc_norm,gsm8k_exact_match_flexible,arc_challenge_acc_norm,mmlu_acc,toxigen_acc_norm
4,0.5935280189423836,0.3863406933215142,0.5361481776538538,0.017437452615617893,0.28754266211604096,0.24982196268337845,0.4319148936170213
8,0.590370955011839,0.38671964332445485,0.5356502688707429,0.015163002274450341,0.28242320819112626,0.2500356074633243,0.4308510638297872
12,0.5895816890292028,0.3883272830779088,0.536247759410476,0.016679302501895376,0.2773037542662116,0.2502492522432702,0.4297872340425532
16,0.5887924230465666,0.38991816762543674,0.5370444134634534,0.014404852160727824,0.2773037542662116,0.24982196268337845,0.4297872340425532
20,0.5824782951854776,0.39299525342572933,0.5392352121091416,0.014404852160727824,0.2764505119453925,0.2491810283435408,0.4297872340425532
