,winogrande_acc,truthfulqa_mc2_acc,hellaswag_acc_norm,gsm8k_exact_match_flexible,arc_challenge_acc_norm,mmlu_acc,toxigen_acc_norm
4,0.5966850828729282,0.38817776075135074,0.5373431587333201,0.01819560272934041,0.2901023890784983,0.25081897165645917,0.4340425531914894
8,0.5919494869771112,0.38928284641239586,0.5379406492730532,0.017437452615617893,0.28668941979522183,0.25096140150975643,0.4319148936170213
12,0.5951065509076559,0.3905852638717771,0.5377414857598088,0.016679302501895376,0.2858361774744027,0.25081897165645917,0.4319148936170213
16,0.5935280189423836,0.39219061567147967,0.5393347938657638,0.016679302501895376,0.2858361774744027,0.25046289702321606,0.4319148936170213
20,0.5887924230465666,0.39458704156777735,0.5413264289982075,0.017437452615617893,0.28668941979522183,0.24967953283008118,0.4308510638297872
