model_name,flagged/all
idx_4,0.2571428571428571
idx_8,0.1757142857142857
idx_12,0.17714285714285713
idx_16,0.17142857142857143
idx_20,0.18714285714285714
