model_name,flagged/all
idx_4,0.28
idx_8,0.2714285714285714
idx_12,0.2642857142857143
idx_16,0.2542857142857143
idx_20,0.24285714285714285
