,winogrande_acc,truthfulqa_mc2_acc,hellaswag_acc_norm,gsm8k_exact_match_flexible,arc_challenge_acc_norm,mmlu_acc,toxigen_acc_norm
4,0.5777426992896606,0.45953913305276917,0.4519020115514838,0.008339651250947688,0.24573378839590443,0.25651616578834924,0.4319148936170213
8,0.5461720599842147,0.5250140019861579,0.28888667596096396,0.0,0.23976109215017063,0.2634240136732659,0.4319148936170213
12,0.5580110497237569,,0.28759211312487554,0.0,0.2568259385665529,0.2452642073778664,0.4319148936170213
16,0.5722178374112076,,0.30252937661820356,0.0,0.2721843003412969,0.22959692351516878,0.4319148936170213
20,0.5698500394632992,,0.30013941445927106,0.0,0.2687713310580205,0.2299529981484119,0.4319148936170213
