model_name,flagged/all
idx_4,0.07714285714285714
idx_8,0.11
idx_12,0.09
idx_16,0.1442857142857143
idx_20,0.08
