model_name,flagged/all
idx_0,0.2957142857142857
idx_100,0.28285714285714286
idx_200,0.15428571428571428
idx_300,0.16
idx_400,0.21142857142857144
idx_500,0.12
idx_600,0.11714285714285715
idx_700,0.12
idx_800,0.11428571428571428
idx_900,0.11285714285714285
idx_1000,0.10714285714285714
