model_name,flagged/all
idx_4,0.10285714285714286
idx_8,0.08
idx_12,0.09428571428571429
idx_16,0.08142857142857143
idx_20,0.10285714285714286
