,arc_challenge_acc_norm,gsm8k_exact_match_flexible,hellaswag_acc_norm,mmlu_acc,toxigen_acc_norm,truthfulqa_mc2_acc,winogrande_acc
20,0.2781569965870307,0.0075815011372251705,0.3933479386576379,0.24312775957840763,0.4319148936170213,0.41444400797433656,0.5872138910812944
