model_name,flagged/all
idx_4,0.25857142857142856
idx_8,0.25
idx_12,0.24428571428571427
idx_16,0.22
idx_20,0.21857142857142858
