,winogrande_acc,truthfulqa_mc2_acc,hellaswag_acc_norm,gsm8k_exact_match_flexible,arc_challenge_acc_norm,mmlu_acc,toxigen_acc_norm
4,0.56353591160221,0.48751300650986557,0.40290778729336785,0.00530705079605762,0.2440273037542662,0.2360774818401937,0.4319148936170213
8,0.5390686661404893,0.48987413632101234,0.2846046604262099,0.0,0.24658703071672355,0.2366472012533827,0.4319148936170213
12,0.5232833464877664,,0.26976697868950406,0.0,0.25597269624573377,0.22981056829511465,0.4319148936170213
16,0.5611681136543015,,0.28958374825731925,0.0,0.26023890784982934,0.23116365190143853,0.4319148936170213
20,0.5643251775848461,,0.3060147380999801,0.0,0.25426621160409557,0.22916963395527704,0.4319148936170213
