model_name,flagged/all
idx_0,0.2957142857142857
idx_4,0.26285714285714284
idx_8,0.25285714285714284
idx_12,0.22714285714285715
idx_16,0.21571428571428572
idx_20,0.22142857142857142
