,winogrande_acc,truthfulqa_mc2_acc,hellaswag_acc_norm,gsm8k_exact_match_flexible,arc_challenge_acc_norm,mmlu_acc,toxigen_acc_norm
4,0.5927387529597474,0.38950700778833214,0.5340569607647879,0.01819560272934041,0.2858361774744027,0.24797037459051416,0.4319148936170213
8,0.590370955011839,0.3934042362695753,0.5309699263095001,0.01592115238817286,0.2781569965870307,0.24811280444381142,0.4297872340425532
12,0.5864246250986582,0.3971720634353619,0.5311690898227445,0.01592115238817286,0.2790102389078498,0.2503204671699188,0.4308510638297872
16,0.5816890292028414,0.40109848209868254,0.5266879107747461,0.01592115238817286,0.2773037542662116,0.25117504628970233,0.4308510638297872
20,0.5840568271507498,0.4055681703099038,0.5238000398327026,0.017437452615617893,0.2721843003412969,0.25124626121635096,0.4297872340425532
