,arc_challenge_acc_norm,gsm8k_exact_match_flexible,hellaswag_acc_norm,mmlu_acc,toxigen_acc_norm,truthfulqa_mc2_acc,winogrande_acc
20,0.28668941979522183,0.004548900682335102,0.36974706233817967,0.24376869391824527,0.4319148936170213,0.4151554991295448,0.5919494869771112
