,winogrande_acc,truthfulqa_mc2_acc,hellaswag_acc_norm,gsm8k_exact_match_flexible,arc_challenge_acc_norm,mmlu_acc,toxigen_acc_norm
4,0.5927387529597474,0.3946808332177,0.5313682533359888,0.015163002274450341,0.2781569965870307,0.24768551488391968,0.4297872340425532
8,0.5761641673243884,0.40090260000434597,0.5307707627962557,0.01819560272934041,0.27559726962457337,0.24960831790343255,0.4308510638297872
12,0.579321231254933,0.40730737347909257,0.529874526986656,0.017437452615617893,0.2790102389078498,0.25181598062953997,0.4308510638297872
16,0.5753749013417522,0.4158158583654908,0.5238000398327026,0.019711902956785442,0.2773037542662116,0.25395242842899873,0.42659574468085104
20,0.5651144435674822,0.4307692600548708,0.5118502290380402,0.021986353297952996,0.2738907849829352,0.25174476570289134,0.49042553191489363
