model_name,flagged/all
idx_0,0.2957142857142857
idx_100,0.28714285714285714
idx_200,0.16428571428571428
idx_300,0.22
idx_400,0.18142857142857144
idx_500,0.2057142857142857
idx_600,0.1742857142857143
idx_700,0.1442857142857143
idx_800,0.14857142857142858
idx_900,0.15
idx_1000,0.15142857142857144
