,arc_challenge_acc_norm,gsm8k_exact_match_flexible,hellaswag_acc_norm,mmlu_acc,toxigen_acc_norm,truthfulqa_mc2_acc,winogrande_acc
20,0.27559726962457337,0.018953752843062926,0.373132842063334,0.23963822817262498,0.43617021276595747,0.43539074281411727,0.569060773480663
