model_name,flagged/all
idx_4,0.2671428571428571
idx_8,0.27285714285714285
idx_12,0.24714285714285714
idx_16,0.23857142857142857
idx_20,0.21857142857142858
