model_name,flagged/all
idx_4,0.2757142857142857
idx_8,0.2742857142857143
idx_12,0.26142857142857145
idx_16,0.24
idx_20,0.24571428571428572
